[
    {
        "name": "phishing",
        "title": "PHISHING",
        "description": "\"Pescar\" (do inglês fish) as informações sigilosas dos usuários.",
        "link": "Phising.html",
        "passo": "Em computação, phishing é uma forma de fraude eletrônica, caracterizada por tentativas de adquirir informações sigilosas, tais como senhas e números de cartão de crédito, ao se fazer passar como uma pessoa confiável ou uma empresa enviando uma comunicação eletrônica oficial, como um correio ou uma mensagem instantânea. Na prática do Phishing surgem artimanhas cada vez mais sofisticadas para pescar (do inglês fish) as informações sigilosas dos usuários. Outras formas de phishing são os e-mails contendo formulários, os sites que duplicam o site original se passando por este (assim que a pessoa faz o login, as informações são guardadas no banco de dados e direcionado para o site original, na primeira vista você sequer reconheceu o que aconteceu, como depois de redirecionado pensa que está no site original faz o login novamente, mas os hackers já estão com suas informações guardadas). Portanto, tome cuidado em sempre ver se a URL (endereço do site) onde estão fazendo a identificação de usuário seja a URL válida que sempre acessa, lembre-se também de que sites de instituições financeiras sempre usam SSL, o famoso cadeado nos navegadores, geralmente identificados pela cor verde."
    },
    {
        "name": "boatos",
        "title": "BOATOS",
        "description": "Conteúdo alarmante e falso.",
        "link": "Boatos.html",
        "passo": "Um boato é uma mensagem que possui conteúdo alarmante ou falso e que, geralmente, tem como remetente, ou aponta como autora, alguma instituição, empresa importante ou órgão do governo. Por meio de uma leitura minuciosa de seu conteúdo, normalmente, é possível identificar informações sem sentido e tentativas de golpes, como correntes e pirâmides. Boatos podem trazer diversos problemas, tanto para aqueles que os recebem e os distribuem, como para aqueles que são citados em seus conteúdos. Entre estes diversos problemas, um boato pode:\n conter codigos maliciosos;\n espalhar desinformação pela internet;\n ocupar, desnecessariamente, espaços nas caixas de e-mails dos usuários;\n aumentar excessivamente a carga de servidores de e-mail e o consumo de banda de rede, necessários para a transmissão e o processamento das mensagens;\n indicar, no conteúdo da mensagem, ações a serem realizadas e que, se forem efetivadas, podem resultar em sérios danos, como apagar um arquivo que supostamente contém um código malicioso, mas que na verdade é parte importante do sistema operacional instalado no computador."

    },
    {
        "name": "falsos emails",
        "title": "FALSOS E-MAIL DE INSTITUIÇÕES FINANCEIRAS",
        "description": "Mensagens falsas no e-mail.",
        "link": "Falsos E-mails.html",
        "passo": "Certamente em sua caixa de entrada já deve ter caído um e-mail de um banco X falando sobre atualizações de dados. Tenha a certeza de que e-mail é uma das formas mais inseguras de se enviar dados sigilosos. Por isso, bancos jamais vão fazer atualização de dados enviando um e-mail ou pedindo por telefone. Recomendamos que estas mensagens sejam imediatamente apagadas."

    },
    {
        "name": "furto de identidade",
        "title": "FURTO DE IDENTIDADE",
        "description": "Site Hackeado.",
        "link": "Furto de indentidade.html",
        "passo": "Furto de identidade é o ato pelo qual uma pessoa tenta se passar por outra com o objetivo de obter vantagens indevidas. Alguns destes casos podem ser tipificados como falsa identidade, assim sendo considerados crimes. No seu dia a dia, sua identidade pode ser furtada caso, por exemplo, alguém abra uma empresa ou uma conta bancária usando seu nome e seus documentos. Na Internet isso também pode ocorrer, caso alguém crie um perfil em seu nome em uma rede social, acesse sua conta de e-mail e envie mensagens se passando por você ou falsifique os campos de e-mail, fazendo parecer que ele foi enviado por você. Quanto mais informações você disponibiliza sobre a sua vida e rotina, mais fácil se torna para um golpista furtar a sua identidade, pois mais dados ele tem disponíveis e mais convincente ele pode ser."

    },
    {
        "name": "golpe do boleto bancario",
        "title": "GOLPE DO BOLETO BANCÁRIO",
        "description": "Alteração do boleto bancário pelos cibernéticos.",
        "link": "Golpe Boleto.html",
        "passo": "Boleto bancario, atualmente no Brasil, é o 3o meio de pagamento mais utilizado. Boa parte das transações de comércio eletrônico utilizam esse recebível. Essa enorme demanda de emissão dos boletos chamou a atenção dos cibercriminosos que desenvolveram uma técnica capaz de alterar um boleto bancário em tempo real, no momento em que o mesmo é aberto no navegador. Neste sentido as informações contidas nos códigos de barras e na linha digitável do boleto, são alteradas, direcionando o crédito do pagamento para outras contas bancárias."

    }
]